Name	Sequence Accession	Complete Genome	Segment	Segment Length	Subtype	Collection Date	Host Species	Country	State/Province	Flu Season	Strain Name	
HA	KP317224	No	4	1701	H1N1	01/28/2010	IRD:Human	India	-N/A-	-N/A-	A/Assam/020/2010	
HA	JN600356	No	4	1701	H1N1	10/14/2009	IRD:Human	India	-N/A-	-N/A-	A/Assam/2220/2009	
HA	KU310627	No	4	1723	H1N1	10/28/2009	IRD:Human	India	-N/A-	-N/A-	A/Assam/2257/2009	
HA	KU310626	No	4	1723	H1N1	10/29/2009	IRD:Human	India	-N/A-	-N/A-	A/Assam/2264/2009	
HA	JN600357	No	4	1701	H1N1	06/17/2010	IRD:Human	India	-N/A-	-N/A-	A/Assam/2590/2010	
HA	MF564209	No	4	1701	H1N1	03/16/2016	IRD:Human	India	-N/A-	-N/A-	A/Assam/RMRC_226/2016	
HA	MF564213	No	4	1701	H1N1	06/06/2016	IRD:Human	India	-N/A-	-N/A-	A/Assam/RMRC_449/2016	
HA	MF564203	No	4	1701	H1N1	06/13/2016	IRD:Human	India	-N/A-	-N/A-	A/Assam/RMRC_494/2016	
HA	MF564204	No	4	1701	H1N1	06/21/2016	IRD:Human	India	-N/A-	-N/A-	A/Assam/RMRC_527/2016	
HA	MF564212	No	4	1701	H1N1	06/21/2016	IRD:Human	India	-N/A-	-N/A-	A/Assam/RMRC_534/2016	
HA	MF564205	No	4	1701	H1N1	06/24/2016	IRD:Human	India	-N/A-	-N/A-	A/Assam/RMRC_598/2016	
HA	MF564206	No	4	1701	H1N1	06/27/2016	IRD:Human	India	-N/A-	-N/A-	A/Assam/RMRC_605/2016	
HA	MF564207	No	4	1701	H1N1	06/27/2016	IRD:Human	India	-N/A-	-N/A-	A/Assam/RMRC_609/2016	
HA	MF564210	No	4	1701	H1N1	07/06/2016	IRD:Human	India	-N/A-	-N/A-	A/Assam/RMRC_693/2016	
HA	MF564208	No	4	1701	H1N1	07/13/2016	IRD:Human	India	-N/A-	-N/A-	A/Assam/RMRC_709/2016	
HA	MF564211	No	4	1701	H1N1	07/13/2016	IRD:Human	India	-N/A-	-N/A-	A/Assam/RMRC_711/2016	
HA	CY075916	No	4	1744	H1N1	02/24/2010	IRD:Human	India	-N/A-	-N/A-	A/Awb/NIV25611/2010	
HA	KR861657	No	4	1701	H1N1	11/28/2009	IRD:Human	India	-N/A-	-N/A-	A/Bangalore/10519-13/2009	
HA	KR861658	No	4	1701	H1N1	12/03/2009	IRD:Human	India	-N/A-	-N/A-	A/Bangalore/10695-10/2009	
HA	KR861659	No	4	1701	H1N1	12/03/2009	IRD:Human	India	-N/A-	-N/A-	A/Bangalore/10698-02/2009	
HA	KR861679	No	4	1701	H1N1	07/20/2011	IRD:Human	India	-N/A-	-N/A-	A/Bangalore/1103-51/2011	
HA	KR861660	No	4	1701	H1N1	12/15/2009	IRD:Human	India	-N/A-	-N/A-	A/Bangalore/11210-01/2009	
HA	KR861661	No	4	1701	H1N1	12/19/2009	IRD:Human	India	-N/A-	-N/A-	A/Bangalore/11406-11/2009	
HA	KR861686	No	4	1701	H1N1	05/02/2012	IRD:Human	India	-N/A-	-N/A-	A/Bangalore/1155-33/2012	
HA	KR861662	No	4	1701	H1N1	12/26/2009	IRD:Human	India	-N/A-	-N/A-	A/Bangalore/11658-15/2009	
HA	KR861663	No	4	1701	H1N1	12/31/2009	IRD:Human	India	-N/A-	-N/A-	A/Bangalore/12220-18/2009	
HA	KR861680	No	4	1701	H1N1	08/04/2011	IRD:Human	India	-N/A-	-N/A-	A/Bangalore/1326-52/2011	
HA	KR861687	No	4	1701	H1N1	05/26/2012	IRD:Human	India	-N/A-	-N/A-	A/Bangalore/1428-35/2012	
HA	KR861688	No	4	1701	H1N1	06/02/2012	IRD:Human	India	-N/A-	-N/A-	A/Bangalore/1491-34/2012	
HA	KR861681	No	4	1701	H1N1	09/09/2011	IRD:Human	India	-N/A-	-N/A-	A/Bangalore/1808-53/2011	
HA	KR861682	No	4	1701	H1N1	09/23/2011	IRD:Human	India	-N/A-	-N/A-	A/Bangalore/1974-55/2011	
HA	KR861689	No	4	1701	H1N1	07/27/2012	IRD:Human	India	-N/A-	-N/A-	A/Bangalore/1980-42/2012	
HA	KR861690	No	4	1701	H1N1	07/30/2012	IRD:Human	India	-N/A-	-N/A-	A/Bangalore/2008-43/2012	
HA	KR861691	No	4	1701	H1N1	08/02/2012	IRD:Human	India	-N/A-	-N/A-	A/Bangalore/2071-38/2012	
HA	KR861692	No	4	1701	H1N1	08/14/2012	IRD:Human	India	-N/A-	-N/A-	A/Bangalore/2285-44/2012	
HA	KR861683	No	4	1701	H1N1	11/17/2011	IRD:Human	India	-N/A-	-N/A-	A/Bangalore/2327-56/2011	
HA	KR861693	No	4	1701	H1N1	09/04/2012	IRD:Human	India	-N/A-	-N/A-	A/Bangalore/2629-37/2012	
HA	KR861694	No	4	1701	H1N1	09/15/2012	IRD:Human	India	-N/A-	-N/A-	A/Bangalore/2813-36/2012	
HA	KR861649	No	4	1701	H1N1	08/19/2009	IRD:Human	India	-N/A-	-N/A-	A/Bangalore/2960-03/2009	
HA	KR861695	No	4	1701	H1N1	10/15/2012	IRD:Human	India	-N/A-	-N/A-	A/Bangalore/3361-46/2012	
HA	KR861696	No	4	1701	H1N1	10/20/2012	IRD:Human	India	-N/A-	-N/A-	A/Bangalore/3432-40/2012	
HA	KR861697	No	4	1701	H1N1	11/24/2012	IRD:Human	India	-N/A-	-N/A-	A/Bangalore/3666-41/2012	
HA	KR861698	No	4	1701	H1N1	12/31/2012	IRD:Human	India	-N/A-	-N/A-	A/Bangalore/3925-45/2012	
HA	KR861664	No	4	1701	H1N1	07/23/2010	IRD:Human	India	-N/A-	-N/A-	A/Bangalore/3934-28/2010	
HA	KR861665	No	4	1701	H1N1	07/27/2010	IRD:Human	India	-N/A-	-N/A-	A/Bangalore/4080-23/2010	
HA	KR861666	No	4	1701	H1N1	07/28/2010	IRD:Human	India	-N/A-	-N/A-	A/Bangalore/4161-22/2010	
HA	KR861667	No	4	1701	H1N1	07/28/2010	IRD:Human	India	-N/A-	-N/A-	A/Bangalore/4163-30/2010	
HA	KR861668	No	4	1701	H1N1	08/07/2010	IRD:Human	India	-N/A-	-N/A-	A/Bangalore/4895-25/2010	
HA	KR861669	No	4	1701	H1N1	08/08/2010	IRD:Human	India	-N/A-	-N/A-	A/Bangalore/4976-17/2010	
HA	KR861670	No	4	1701	H1N1	08/09/2010	IRD:Human	India	-N/A-	-N/A-	A/Bangalore/4985-07/2010	
HA	KR861671	No	4	1701	H1N1	08/11/2010	IRD:Human	India	-N/A-	-N/A-	A/Bangalore/5274-20/2010	
HA	KR861672	No	4	1701	H1N1	08/11/2010	IRD:Human	India	-N/A-	-N/A-	A/Bangalore/5279-29/2010	
HA	KR861673	No	4	1701	H1N1	08/13/2010	IRD:Human	India	-N/A-	-N/A-	A/Bangalore/5531-27/2010	
HA	KR861674	No	4	1701	H1N1	08/13/2010	IRD:Human	India	-N/A-	-N/A-	A/Bangalore/5532-05/2010	
HA	KR861675	No	4	1701	H1N1	08/13/2010	IRD:Human	India	-N/A-	-N/A-	A/Bangalore/5674-21/2010	
HA	KR861676	No	4	1701	H1N1	08/14/2010	IRD:Human	India	-N/A-	-N/A-	A/Bangalore/5712-24/2010	
HA	KR861684	No	4	1701	H1N1	04/10/2012	IRD:Human	India	-N/A-	-N/A-	A/Bangalore/597-39/2012	
HA	KR861650	No	4	1701	H1N1	09/08/2009	IRD:Human	India	-N/A-	-N/A-	A/Bangalore/6053-14/2009	
HA	KR861677	No	4	1701	H1N1	08/17/2010	IRD:Human	India	-N/A-	-N/A-	A/Bangalore/6106-16/2010	
HA	KR861651	No	4	1701	H1N1	09/09/2009	IRD:Human	India	-N/A-	-N/A-	A/Bangalore/6206-12/2009	
HA	KR861678	No	4	1701	H1N1	08/23/2010	IRD:Human	India	-N/A-	-N/A-	A/Bangalore/6846-26/2010	
HA	KR861685	No	4	1701	H1N1	04/12/2012	IRD:Human	India	-N/A-	-N/A-	A/Bangalore/697-32/2012	
HA	KR861652	No	4	1701	H1N1	09/16/2009	IRD:Human	India	-N/A-	-N/A-	A/Bangalore/6974-08/2009	
HA	KR861653	No	4	1701	H1N1	10/07/2009	IRD:Human	India	-N/A-	-N/A-	A/Bangalore/8330-09/2009	
HA	KR861654	No	4	1701	H1N1	10/20/2009	IRD:Human	India	-N/A-	-N/A-	A/Bangalore/8973-04/2009	
HA	KR861655	No	4	1701	H1N1	10/20/2009	IRD:Human	India	-N/A-	-N/A-	A/Bangalore/8975-19/2009	
HA	KR861656	No	4	1701	H1N1	10/26/2009	IRD:Human	India	-N/A-	-N/A-	A/Bangalore/9274-06/2009	
HA	MF535115	No	4	1701	H1N1	02/09/2015	IRD:Human	India	-N/A-	-N/A-	A/Barmer/922/2015	
HA	KT369728	No	4	1722	H1N1	03/01/2015	IRD:Human	India	-N/A-	-N/A-	A/Barwani/6024/2015	
HA	MH160789	No	4	1701	H1N1	09/08/2017	IRD:Human	India	-N/A-	-N/A-	A/Barwani/8117/2017	
HA	KT369729	No	4	1701	H1N1	03/17/2015	IRD:Human	India	-N/A-	-N/A-	A/Betul/6515/2015	
HA	KT241016	No	4	1707	H1N1	11/04/2010	IRD:Human	India	-N/A-	-N/A-	A/Bhopal/1544/2010	
HA	KM885030	No	4	1701	H1N1	04/19/2011	IRD:Human	India	-N/A-	-N/A-	A/Bhopal/1613/2011	
HA	KT241017	No	4	1701	H1N1	10/06/2011	IRD:Human	India	-N/A-	-N/A-	A/Bhopal/1664/2011	
HA	KM885031	No	4	1701	H1N1	03/26/2012	IRD:Human	India	-N/A-	-N/A-	A/Bhopal/1697/2012	
HA	KT426698	No	4	1701	H1N1	01/28/2015	IRD:Human	India	-N/A-	-N/A-	A/Bhopal/3500/2015	
HA	KP317207	No	4	1701	H1N1	08/20/2009	IRD:Human	India	-N/A-	-N/A-	A/Bihar/003/2009	
HA	MF535116	No	4	1701	H1N1	01/30/2013	IRD:Human	India	-N/A-	-N/A-	A/Bikaner/3362/2013	
HA	HM204571	No	4	1708	H1N1	08/2009	IRD:Human	India	-N/A-	-N/A-	A/Blore/NIV1189/2009	
HA	CY075897	No	4	1744	H1N1	08/05/2009	IRD:Human	India	-N/A-	-N/A-	A/Blore/NIV1196/2009	
HA	KP317214	No	4	1701	H1N1	09/30/2009	IRD:Human	India	-N/A-	-N/A-	A/Chattisgarh/010/2009	
HA	KP317229	No	4	1701	H1N1	02/07/2010	IRD:Human	India	-N/A-	-N/A-	A/Chattisgarh/025/2010	
HA	KP317230	No	4	1701	H1N1	09/25/2010	IRD:Human	India	-N/A-	-N/A-	A/Chattisgarh/026/2010	
HA	KP317278	No	4	1701	H1N1	05/10/2012	IRD:Human	India	-N/A-	-N/A-	A/Chattisgarh/074/2012	
HA	KP317279	No	4	1701	H1N1	08/10/2012	IRD:Human	India	-N/A-	-N/A-	A/Chattisgarh/075/2012	
HA	CY075913	No	4	1769	H1N1	06/27/2009	IRD:Human	India	-N/A-	-N/A-	A/Che/NIV245/2009	
HA	CY075914	No	4	1756	H1N1	06/27/2009	IRD:Human	India	-N/A-	-N/A-	A/Che/NIV246/2009	
HA	CY075921	No	4	1760	H1N1	07/15/2009	IRD:Human	India	-N/A-	-N/A-	A/Che/NIV551/2009	
HA	HM204569	No	4	1708	H1N1	07/2009	IRD:Human	India	-N/A-	-N/A-	A/Che/NIV658/2009	
HA	MK226522	No	4	1739	H1N1	03/06/2017	IRD:Human	India	-N/A-	-N/A-	A/Chittur/INDHCH16/2017	
HA	KP317220	No	4	1701	H1N1	12/14/2009	IRD:Human	India	-N/A-	-N/A-	A/Delhi/016/2009	
HA	KP317221	No	4	1701	H1N1	12/13/2009	IRD:Human	India	-N/A-	-N/A-	A/Delhi/017/2009	
HA	KP317222	No	4	1701	H1N1	07/29/2009	IRD:Human	India	-N/A-	-N/A-	A/Delhi/018/2009	
HA	KP317240	No	4	1701	H1N1	08/20/2010	IRD:Human	India	-N/A-	-N/A-	A/Delhi/036/2010	
HA	KP317241	No	4	1701	H1N1	08/25/2010	IRD:Human	India	-N/A-	-N/A-	A/Delhi/037/2010	
HA	KP317242	No	4	1701	H1N1	08/22/2010	IRD:Human	India	-N/A-	-N/A-	A/Delhi/038/2010	
HA	KP317243	No	4	1701	H1N1	09/17/2010	IRD:Human	India	-N/A-	-N/A-	A/Delhi/039/2010	
HA	KP317254	No	4	1701	H1N1	05/19/2011	IRD:Human	India	-N/A-	-N/A-	A/Delhi/050/2011	
HA	KP317255	No	4	1701	H1N1	02/24/2011	IRD:Human	India	-N/A-	-N/A-	A/Delhi/051/2011	
HA	KP317256	No	4	1701	H1N1	02/24/2011	IRD:Human	India	-N/A-	-N/A-	A/Delhi/052/2011	
HA	KP317257	No	4	1701	H1N1	06/23/2011	IRD:Human	India	-N/A-	-N/A-	A/Delhi/053/2011	
HA	KP317258	No	4	1701	H1N1	04/01/2011	IRD:Human	India	-N/A-	-N/A-	A/Delhi/054/2011	
HA	KP317259	No	4	1701	H1N1	04/03/2011	IRD:Human	India	-N/A-	-N/A-	A/Delhi/055/2011	
HA	KP317260	No	4	1701	H1N1	03/05/2011	IRD:Human	India	-N/A-	-N/A-	A/Delhi/056/2011	
HA	KP317261	No	4	1701	H1N1	07/26/2012	IRD:Human	India	-N/A-	-N/A-	A/Delhi/057/2012	
HA	KP317262	No	4	1701	H1N1	11/14/2012	IRD:Human	India	-N/A-	-N/A-	A/Delhi/058/2012	
HA	KP317263	No	4	1701	H1N1	10/09/2012	IRD:Human	India	-N/A-	-N/A-	A/Delhi/059/2012	
HA	KP317264	No	4	1701	H1N1	09/13/2012	IRD:Human	India	-N/A-	-N/A-	A/Delhi/060/2012	
HA	KP317265	No	4	1701	H1N1	05/21/2012	IRD:Human	India	-N/A-	-N/A-	A/Delhi/061/2012	
HA	KP317266	No	4	1701	H1N1	08/16/2012	IRD:Human	India	-N/A-	-N/A-	A/Delhi/062/2012	
HA	KP317267	No	4	1701	H1N1	09/25/2012	IRD:Human	India	-N/A-	-N/A-	A/Delhi/063/2012	
HA	KP317268	No	4	1701	H1N1	03/10/2012	IRD:Human	India	-N/A-	-N/A-	A/Delhi/064/2012	
HA	KP317269	No	4	1701	H1N1	03/09/2012	IRD:Human	India	-N/A-	-N/A-	A/Delhi/065/2012	
HA	KP317270	No	4	1701	H1N1	09/24/2012	IRD:Human	India	-N/A-	-N/A-	A/Delhi/066/2012	
HA	KP317271	No	4	1701	H1N1	09/25/2012	IRD:Human	India	-N/A-	-N/A-	A/Delhi/067/2012	
HA	KP317272	No	4	1701	H1N1	11/20/2012	IRD:Human	India	-N/A-	-N/A-	A/Delhi/068/2012	
HA	KP317273	No	4	1701	H1N1	12/19/2012	IRD:Human	India	-N/A-	-N/A-	A/Delhi/069/2012	
HA	KP317290	No	4	1701	H1N1	01/31/2013	IRD:Human	India	-N/A-	-N/A-	A/Delhi/086/2013	
HA	KP317291	No	4	1701	H1N1	02/17/2013	IRD:Human	India	-N/A-	-N/A-	A/Delhi/087/2013	
HA	KP317292	No	4	1701	H1N1	02/18/2013	IRD:Human	India	-N/A-	-N/A-	A/Delhi/088/2013	
HA	KP317293	No	4	1701	H1N1	02/22/2013	IRD:Human	India	-N/A-	-N/A-	A/Delhi/089/2013	
HA	CY075884	No	4	1769	H1N1	09/30/2009	IRD:Human	India	-N/A-	-N/A-	A/Delhi/NIV0951830/2009	
HA	CY075885	No	4	1770	H1N1	09/30/2009	IRD:Human	India	-N/A-	-N/A-	A/Delhi/NIV0951831/2009	
HA	CY075886	No	4	1768	H1N1	10/06/2009	IRD:Human	India	-N/A-	-N/A-	A/Delhi/NIV0951832/2009	
HA	CY075887	No	4	1769	H1N1	10/06/2009	IRD:Human	India	-N/A-	-N/A-	A/Delhi/NIV0951833/2009	
HA	HM204566	No	4	1769	H1N1	06/2009	IRD:Human	India	-N/A-	-N/A-	A/Delhi/NIV57/2009	
HA	MK080179	No	4	1701	H1N1	03/06/2015	IRD:Human	India	-N/A-	-N/A-	A/Delhi/RGCB_D10/2015	
HA	MK080180	No	4	1701	H1N1	03/06/2015	IRD:Human	India	-N/A-	-N/A-	A/Delhi/RGCB_D11/2015	
HA	MK080181	No	4	1701	H1N1	03/06/2015	IRD:Human	India	-N/A-	-N/A-	A/Delhi/RGCB_D16/2015	
HA	MK080182	No	4	1701	H1N1	03/06/2015	IRD:Human	India	-N/A-	-N/A-	A/Delhi/RGCB_D17/2015	
HA	MK080183	No	4	1701	H1N1	03/06/2015	IRD:Human	India	-N/A-	-N/A-	A/Delhi/RGCB_D26/2015	
HA	MK080184	No	4	1701	H1N1	03/06/2015	IRD:Human	India	-N/A-	-N/A-	A/Delhi/RGCB_D27/2015	
HA	MK080185	No	4	1701	H1N1	03/06/2015	IRD:Human	India	-N/A-	-N/A-	A/Delhi/RGCB_D28/2015	
HA	KT241021	No	4	1701	H1N1	02/17/2015	IRD:Human	India	-N/A-	-N/A-	A/Dewas/4497/2015	
HA	HM204572	No	4	1744	H1N1	08/2009	IRD:Human	India	-N/A-	-N/A-	A/Dhule/NIV9433/2009	
HA	KP317210	No	4	1701	H1N1	10/06/2009	IRD:Human	India	-N/A-	-N/A-	A/Goa/006/2009	
HA	KP317231	No	4	1701	H1N1	08/26/2010	IRD:Human	India	-N/A-	-N/A-	A/Goa/027/2010	
HA	KP317238	No	4	1701	H1N1	08/07/2010	IRD:Human	India	-N/A-	-N/A-	A/Goa/034/2010	
HA	KP317239	No	4	1701	H1N1	10/09/2010	IRD:Human	India	-N/A-	-N/A-	A/Goa/035/2010	
HA	KP317250	No	4	1701	H1N1	06/23/2011	IRD:Human	India	-N/A-	-N/A-	A/Goa/046/2011	
HA	KP317251	No	4	1701	H1N1	06/07/2011	IRD:Human	India	-N/A-	-N/A-	A/Goa/047/2011	
HA	KP317252	No	4	1701	H1N1	05/19/2011	IRD:Human	India	-N/A-	-N/A-	A/Goa/048/2011	
HA	KP317275	No	4	1701	H1N1	05/15/2012	IRD:Human	India	-N/A-	-N/A-	A/Goa/071/2012	
HA	KP317276	No	4	1701	H1N1	10/09/2012	IRD:Human	India	-N/A-	-N/A-	A/Goa/072/2012	
HA	KP317277	No	4	1701	H1N1	01/09/2012	IRD:Human	India	-N/A-	-N/A-	A/Goa/073/2012	
HA	KP317212	No	4	1701	H1N1	08/08/2009	IRD:Human	India	-N/A-	-N/A-	A/Gujarat/008/2009	
HA	KM885032	No	4	1701	H1N1	04/28/2012	IRD:Human	India	-N/A-	-N/A-	A/Harda/1718/2012	
HA	KP317219	No	4	1701	H1N1	12/16/2009	IRD:Human	India	-N/A-	-N/A-	A/Haryana/015/2009	
HA	KP317232	No	4	1701	H1N1	10/19/2010	IRD:Human	India	-N/A-	-N/A-	A/Haryana/028/2010	
HA	KP317233	No	4	1701	H1N1	08/15/2010	IRD:Human	India	-N/A-	-N/A-	A/Haryana/029/2010	
HA	KP317253	No	4	1701	H1N1	03/24/2011	IRD:Human	India	-N/A-	-N/A-	A/Haryana/049/2011	
HA	KP317280	No	4	1701	H1N1	06/11/2012	IRD:Human	India	-N/A-	-N/A-	A/Haryana/076/2012	
HA	KP317281	No	4	1701	H1N1	11/20/2012	IRD:Human	India	-N/A-	-N/A-	A/Haryana/077/2012	
HA	KP317282	No	4	1701	H1N1	02/17/2012	IRD:Human	India	-N/A-	-N/A-	A/Haryana/078/2012	
HA	KP317283	No	4	1701	H1N1	01/02/2013	IRD:Human	India	-N/A-	-N/A-	A/Haryana/079/2013	
HA	KP317284	No	4	1701	H1N1	05/02/2013	IRD:Human	India	-N/A-	-N/A-	A/Haryana/080/2013	
HA	KP317285	No	4	1701	H1N1	01/22/2013	IRD:Human	India	-N/A-	-N/A-	A/Haryana/081/2013	
HA	CY075917	No	4	1768	H1N1	03/04/2010	IRD:Human	India	-N/A-	-N/A-	A/Hnl/NIV26271/2010	
HA	MN508859	No	4	1701	H1N1	2017	IRD:Human	India	-N/A-	-N/A-	A/India/113/2017	
HA	MH211237	No	4	1709	H1N1	08/04/2017	IRD:Human	India	-N/A-	-N/A-	A/India/1730322/2017	
HA	MH211239	No	4	1709	H1N1	09/02/2017	IRD:Human	India	-N/A-	-N/A-	A/India/1732467/2017	
HA	MH211231	No	4	1709	H1N1	09/04/2017	IRD:Human	India	-N/A-	-N/A-	A/India/1732480/2017	
HA	MH211236	No	4	1709	H1N1	09/06/2017	IRD:Human	India	-N/A-	-N/A-	A/India/1732613/2017	
HA	MH211238	No	4	1709	H1N1	09/10/2017	IRD:Human	India	-N/A-	-N/A-	A/India/1732823/2017	
HA	MH211232	No	4	1709	H1N1	09/10/2017	IRD:Human	India	-N/A-	-N/A-	A/India/1732827/2017	
HA	MH211233	No	4	1709	H1N1	09/16/2017	IRD:Human	India	-N/A-	-N/A-	A/India/1733405/2017	
HA	MH211235	No	4	1709	H1N1	10/13/2017	IRD:Human	India	-N/A-	-N/A-	A/India/1735869/2017	
HA	MH211234	No	4	1709	H1N1	10/16/2017	IRD:Human	India	-N/A-	-N/A-	A/India/1736012/2017	
HA	MH211340	No	4	1709	H1N1	10/25/2017	IRD:Human	India	-N/A-	-N/A-	A/India/1739929/2017	
HA	MH211391	No	4	1709	H1N1	09/02/2017	IRD:Human	India	-N/A-	-N/A-	A/India/1740834/2017	
HA	MH211392	No	4	1709	H1N1	09/16/2017	IRD:Human	India	-N/A-	-N/A-	A/India/1740835/2017	
HA	MH211393	No	4	1709	H1N1	10/16/2017	IRD:Human	India	-N/A-	-N/A-	A/India/1740842/2017	
HA	MH211348	No	4	1709	H1N1	08/08/2017	IRD:Human	India	-N/A-	-N/A-	A/India/1741034/2017	
HA	MH211346	No	4	1709	H1N1	08/29/2017	IRD:Human	India	-N/A-	-N/A-	A/India/1741035/2017	
HA	MH211347	No	4	1709	H1N1	09/04/2017	IRD:Human	India	-N/A-	-N/A-	A/India/1741036/2017	
HA	MH211423	No	4	1709	H1N1	12/20/2017	IRD:Human	India	-N/A-	-N/A-	A/India/1741038/2017	
HA	MH211424	No	4	1709	H1N1	09/06/2017	IRD:Human	India	-N/A-	-N/A-	A/India/1741154/2017	
HA	MH229460	No	4	1709	H1N1	10/05/2017	IRD:Human	India	-N/A-	-N/A-	A/India/1841326/2017	
HA	MH229459	No	4	1709	H1N1	10/06/2017	IRD:Human	India	-N/A-	-N/A-	A/India/1841328/2017	
HA	MH229458	No	4	1709	H1N1	10/31/2017	IRD:Human	India	-N/A-	-N/A-	A/India/1841337/2017	
HA	MH211341	No	4	1709	H1N1	08/21/2017	IRD:Human	India	-N/A-	-N/A-	A/India/1842484/2017	
HA	MH211342	No	4	1709	H1N1	08/24/2017	IRD:Human	India	-N/A-	-N/A-	A/India/1842489/2017	
HA	MH211343	No	4	1709	H1N1	08/24/2017	IRD:Human	India	-N/A-	-N/A-	A/India/1842490/2017	
HA	MH211344	No	4	1709	H1N1	08/24/2017	IRD:Human	India	-N/A-	-N/A-	A/India/1842492/2017	
HA	MH211345	No	4	1709	H1N1	08/25/2017	IRD:Human	India	-N/A-	-N/A-	A/India/1842495/2017	
HA	MH211333	No	4	1709	H1N1	11/07/2017	IRD:Human	India	-N/A-	-N/A-	A/India/1842536/2017	
HA	MH211334	No	4	1709	H1N1	11/10/2017	IRD:Human	India	-N/A-	-N/A-	A/India/1842538/2017	
HA	MH211336	No	4	1709	H1N1	11/18/2017	IRD:Human	India	-N/A-	-N/A-	A/India/1842539/2017	
HA	MH211337	No	4	1709	H1N1	11/25/2017	IRD:Human	India	-N/A-	-N/A-	A/India/1842544/2017	
HA	MH211338	No	4	1709	H1N1	12/02/2017	IRD:Human	India	-N/A-	-N/A-	A/India/1842547/2017	
HA	MH211335	No	4	1709	H1N1	11/11/2017	IRD:Human	India	-N/A-	-N/A-	A/India/1842567/2017	
HA	MH211332	No	4	1709	H1N1	11/28/2017	IRD:Human	India	-N/A-	-N/A-	A/India/1842573/2017	
HA	MH211339	No	4	1709	H1N1	12/23/2017	IRD:Human	India	-N/A-	-N/A-	A/India/1842574/2017	
HA	MN508863	No	4	1701	H1N1	2017	IRD:Human	India	-N/A-	-N/A-	A/India/5546/2017	
HA	MN508860	No	4	1701	H1N1	2017	IRD:Human	India	-N/A-	-N/A-	A/India/5733/2017	
HA	MN508861	No	4	1701	H1N1	2017	IRD:Human	India	-N/A-	-N/A-	A/India/5737/2017	
HA	MN508862	No	4	1701	H1N1	2017	IRD:Human	India	-N/A-	-N/A-	A/India/5738/2017	
HA	MN508855	No	4	1701	H1N1	2017	IRD:Human	India	-N/A-	-N/A-	A/India/5818/2017	
HA	MN508850	No	4	1701	H1N1	2017	IRD:Human	India	-N/A-	-N/A-	A/India/5932/2017	
HA	MN508851	No	4	1701	H1N1	2017	IRD:Human	India	-N/A-	-N/A-	A/India/5933/2017	
HA	MN508849	No	4	1701	H1N1	2017	IRD:Human	India	-N/A-	-N/A-	A/India/5943/2017	
HA	MN508852	No	4	1701	H1N1	2017	IRD:Human	India	-N/A-	-N/A-	A/India/6247/2017	
HA	MN508858	No	4	1701	H1N1	2017	IRD:Human	India	-N/A-	-N/A-	A/India/625/2017	
HA	MN508856	No	4	1701	H1N1	2017	IRD:Human	India	-N/A-	-N/A-	A/India/703/2017	
HA	MN508838	No	4	1701	H1N1	2018	IRD:Human	India	-N/A-	-N/A-	A/India/7044/2018	
HA	MN508840	No	4	1701	H1N1	2018	IRD:Human	India	-N/A-	-N/A-	A/India/7214/2018	
HA	MN508841	No	4	1701	H1N1	2018	IRD:Human	India	-N/A-	-N/A-	A/India/7251/2018	
HA	MN508854	No	4	1701	H1N1	2017	IRD:Human	India	-N/A-	-N/A-	A/India/728/2017	
HA	MN508857	No	4	1701	H1N1	2017	IRD:Human	India	-N/A-	-N/A-	A/India/731/2017	
HA	MN508847	No	4	1701	H1N1	2018	IRD:Human	India	-N/A-	-N/A-	A/India/7339/2018	
HA	MN508844	No	4	1701	H1N1	2018	IRD:Human	India	-N/A-	-N/A-	A/India/7341/2018	
HA	MN508846	No	4	1701	H1N1	2018	IRD:Human	India	-N/A-	-N/A-	A/India/7346/2018	
HA	MN508843	No	4	1701	H1N1	2018	IRD:Human	India	-N/A-	-N/A-	A/India/7347/2018	
HA	MN508842	No	4	1701	H1N1	2018	IRD:Human	India	-N/A-	-N/A-	A/India/7359/2018	
HA	MN508837	No	4	1701	H1N1	2018	IRD:Human	India	-N/A-	-N/A-	A/India/7367/2018	
HA	MF319580	No	4	1701	H1N1	03/16/2017	IRD:Human	India	-N/A-	-N/A-	A/India/Ahm1725705/2017	
HA	MF319582	No	4	1701	H1N1	03/18/2017	IRD:Human	India	-N/A-	-N/A-	A/India/Ahm1725706/2017	
HA	MF319581	No	4	1701	H1N1	03/20/2017	IRD:Human	India	-N/A-	-N/A-	A/India/Ahm1725707/2017	
HA	MF319579	No	4	1701	H1N1	03/27/2017	IRD:Human	India	-N/A-	-N/A-	A/India/Ahm1725712/2017	
HA	MG271879	No	4	1701	H1N1	05/12/2017	IRD:Human	India	-N/A-	-N/A-	A/India/Alap1729368/2017	
HA	MG271880	No	4	1701	H1N1	05/12/2017	IRD:Human	India	-N/A-	-N/A-	A/India/Alap1729371/2017	
HA	MG271881	No	4	1701	H1N1	05/12/2017	IRD:Human	India	-N/A-	-N/A-	A/India/Alap1729373/2017	
HA	MG271883	No	4	1701	H1N1	03/28/2017	IRD:Human	India	-N/A-	-N/A-	A/India/Alap1729375/2017	
HA	MG271882	No	4	1701	H1N1	05/12/2017	IRD:Human	India	-N/A-	-N/A-	A/India/Alap1729379/2017	
HA	KR052526	No	4	1701	H1N1	04/03/2013	IRD:Human	India	-N/A-	-N/A-	A/India/Alp135125/2013	
HA	MG271903	No	4	1701	H1N1	05/25/2017	IRD:Human	India	-N/A-	-N/A-	A/India/AUR1727078/2017	
HA	JF293316	Yes	4	1701	H1N1	03/22/2010	IRD:Human	India	-N/A-	-N/A-	A/India/Blore/2010	
HA	MG271904	No	4	1701	H1N1	06/21/2017	IRD:Human	India	-N/A-	-N/A-	A/India/BUL1727942/2017	
HA	MF319586	No	4	1701	H1N1	12/17/2016	IRD:Human	India	-N/A-	-N/A-	A/India/C1619573/2016	
HA	MF319585	No	4	1701	H1N1	12/17/2016	IRD:Human	India	-N/A-	-N/A-	A/India/C1619574/2016	
HA	MF319569	No	4	1701	H1N1	01/09/2017	IRD:Human	India	-N/A-	-N/A-	A/India/C1720871/2017	
HA	MF319571	No	4	1701	H1N1	01/09/2017	IRD:Human	India	-N/A-	-N/A-	A/India/C1720872/2017	
HA	MF319568	No	4	1701	H1N1	01/12/2017	IRD:Human	India	-N/A-	-N/A-	A/India/C1721030/2017	
HA	MF319567	No	4	1701	H1N1	01/16/2017	IRD:Human	India	-N/A-	-N/A-	A/India/C1721216/2017	
HA	MF319575	No	4	1701	H1N1	01/20/2017	IRD:Human	India	-N/A-	-N/A-	A/India/C1721549/2017	
HA	MF319574	No	4	1701	H1N1	01/22/2017	IRD:Human	India	-N/A-	-N/A-	A/India/C1721552/2017	
HA	MF319573	No	4	1701	H1N1	01/27/2017	IRD:Human	India	-N/A-	-N/A-	A/India/C1721657/2017	
HA	MF319565	No	4	1701	H1N1	01/31/2017	IRD:Human	India	-N/A-	-N/A-	A/India/C1721710/2017	
HA	MF319566	No	4	1701	H1N1	02/06/2017	IRD:Human	India	-N/A-	-N/A-	A/India/C1722045/2017	
HA	MF319562	No	4	1701	H1N1	01/24/2017	IRD:Human	India	-N/A-	-N/A-	A/India/C1722639/2017	
HA	MF319563	No	4	1701	H1N1	01/24/2017	IRD:Human	India	-N/A-	-N/A-	A/India/C1722640/2017	
HA	MH794230	No	4	1753	H1N1	01/07/2017	IRD:Human	India	-N/A-	-N/A-	A/India/Che-1722633/2017	
HA	MH794229	No	4	1753	H1N1	01/09/2017	IRD:Human	India	-N/A-	-N/A-	A/India/Che-1722634/2017	
HA	MH794228	No	4	1753	H1N1	01/24/2017	IRD:Human	India	-N/A-	-N/A-	A/India/Che-1722637/2017	
HA	MH782139	No	4	1739	H1N1	09/20/2017	IRD:Human	India	-N/A-	-N/A-	A/India/Che-1740977/2017	
HA	MH782140	No	4	1739	H1N1	08/29/2017	IRD:Human	India	-N/A-	-N/A-	A/India/Che-1740981/2017	
HA	KR052618	No	4	1701	H1N1	03/14/2014	IRD:Human	India	-N/A-	-N/A-	A/India/Che147504/2014	
HA	KX078501	Yes	4	1701	H1N1	03/05/2015	IRD:Human	India	-N/A-	-N/A-	A/India/DRDE_GWL672/2015	
HA	KT867221	No	4	1701	H1N1	03/07/2015	IRD:Human	India	-N/A-	-N/A-	A/India/DRDE_GWL703/2015	
HA	KT867219	No	4	1701	H1N1	03/08/2015	IRD:Human	India	-N/A-	-N/A-	A/India/DRDE_GWL719/2015	
HA	KT867223	No	4	1701	H1N1	03/08/2015	IRD:Human	India	-N/A-	-N/A-	A/India/DRDE_GWL721/2015	
HA	KX078493	Yes	4	1701	H1N1	03/09/2015	IRD:Human	India	-N/A-	-N/A-	A/India/DRDE_GWL812/2015	
HA	KT867224	Yes	4	1701	H1N1	03/11/2015	IRD:Human	India	-N/A-	-N/A-	A/India/DRDE_GWL812/2015	
HA	KX078485	Yes	4	1701	H1N1	03/17/2015	IRD:Human	India	-N/A-	-N/A-	A/India/DRDE_GWL84/2015	
HA	KT867220	Yes	4	1701	H1N1	03/15/2015	IRD:Human	India	-N/A-	-N/A-	A/India/DRDE_GWL897/2015	
HA	KX078509	Yes	4	1701	H1N1	03/14/2015	IRD:Human	India	-N/A-	-N/A-	A/India/DRDE_GWL897/2015	
HA	KT867222	Yes	4	1701	H1N1	03/18/2015	IRD:Human	India	-N/A-	-N/A-	A/India/DRDE_GWL989/2015	
HA	KX078517	Yes	4	1701	H1N1	03/18/2015	IRD:Human	India	-N/A-	-N/A-	A/India/DRDE_GWL989/2015	
HA	JQ319658	No	4	1701	H1N1	08/24/2011	IRD:Human	India	-N/A-	-N/A-	A/India/GWL-01/2011	
HA	JQ319657	No	4	1701	H1N1	08/24/2011	IRD:Human	India	-N/A-	-N/A-	A/India/GWL-02/2011	
HA	KC894815	No	4	1701	H1N1	08/31/2012	IRD:Human	India	-N/A-	-N/A-	A/India/Gwl-06/2012	
HA	KF683625	No	4	1701	H1N1	07/08/2013	IRD:Human	India	-N/A-	-N/A-	A/India/GWL-13/2013	
HA	JF293315	Yes	4	1701	H1N1	09/09/2010	IRD:Human	India	-N/A-	-N/A-	A/India/GWL_DSC/2010	
HA	MF319584	No	4	1701	H1N1	04/06/2017	IRD:Human	India	-N/A-	-N/A-	A/India/Hyd1725803/2017	
HA	MF319583	No	4	1701	H1N1	04/06/2017	IRD:Human	India	-N/A-	-N/A-	A/India/Hyd1725804/2017	
HA	MG271887	No	4	1701	H1N1	04/15/2017	IRD:Human	India	-N/A-	-N/A-	A/India/J1726918/2017	
HA	MG271890	No	4	1701	H1N1	04/23/2017	IRD:Human	India	-N/A-	-N/A-	A/India/J1726921/2017	
HA	MG271891	No	4	1701	H1N1	04/23/2017	IRD:Human	India	-N/A-	-N/A-	A/India/J1726923/2017	
HA	MG271889	No	4	1701	H1N1	04/21/2017	IRD:Human	India	-N/A-	-N/A-	A/India/J1726924/2017	
HA	MG271888	No	4	1701	H1N1	04/16/2017	IRD:Human	India	-N/A-	-N/A-	A/India/J1726926/2017	
HA	MH333273	No	4	1722	H1N1	05/16/2017	IRD:Human	India	-N/A-	-N/A-	A/India/Jai-13/2017	
HA	MH333272	No	4	1722	H1N1	05/14/2017	IRD:Human	India	-N/A-	-N/A-	A/India/Jai-4/2017	
HA	MH333271	No	4	1722	H1N1	05/11/2017	IRD:Human	India	-N/A-	-N/A-	A/India/Jai-8/2017	
HA	MG271884	No	4	1701	H1N1	05/09/2017	IRD:Human	India	-N/A-	-N/A-	A/India/K1730217/2017	
HA	MG271885	No	4	1701	H1N1	05/22/2017	IRD:Human	India	-N/A-	-N/A-	A/India/K1730225/2017	
HA	KX792310	No	4	1701	H1N1	06/14/2012	IRD:Human	India	-N/A-	-N/A-	A/India/Kerala1210448/2012	
HA	KX792309	No	4	1701	H1N1	06/26/2012	IRD:Human	India	-N/A-	-N/A-	A/India/Kerala1210449/2012	
HA	KX792306	No	4	1701	H1N1	04/16/2012	IRD:Human	India	-N/A-	-N/A-	A/India/Kerala128941/2012	
HA	KX792307	No	4	1701	H1N1	04/19/2012	IRD:Human	India	-N/A-	-N/A-	A/India/Kerala128942/2012	
HA	KX792308	No	4	1701	H1N1	04/20/2012	IRD:Human	India	-N/A-	-N/A-	A/India/Kerala128943/2012	
HA	KU695605	No	4	1745	H1N1	02/2015	IRD:Human	India	-N/A-	-N/A-	A/India/Kol-3527/2015	
HA	KX789457	No	4	1745	H1N1	03/06/2015	IRD:Human	India	-N/A-	-N/A-	A/India/Kol-3828/2015	
HA	KX789458	No	4	1745	H1N1	03/08/2015	IRD:Human	India	-N/A-	-N/A-	A/India/Kol-3846/2015	
HA	KX789459	No	4	1745	H1N1	03/09/2015	IRD:Human	India	-N/A-	-N/A-	A/India/Kol-3959/2015	
HA	KX789460	No	4	1745	H1N1	03/11/2015	IRD:Human	India	-N/A-	-N/A-	A/India/Kol-4040/2015	
HA	KX789461	No	4	1745	H1N1	03/13/2015	IRD:Human	India	-N/A-	-N/A-	A/India/Kol-4122/2015	
HA	KX789462	No	4	1745	H1N1	03/21/2015	IRD:Human	India	-N/A-	-N/A-	A/India/Kol-4501/2015	
HA	KU695606	No	4	1745	H1N1	02/2015	IRD:Human	India	-N/A-	-N/A-	A/India/Kol-4628/2015	
HA	KU695607	No	4	1745	H1N1	02/2015	IRD:Human	India	-N/A-	-N/A-	A/India/Kol-4632/2015	
HA	KU695608	No	4	1745	H1N1	02/2015	IRD:Human	India	-N/A-	-N/A-	A/India/Kol-4651/2015	
HA	KX789463	No	4	1745	H1N1	09/09/2015	IRD:Human	India	-N/A-	-N/A-	A/India/Kol-4992/2015	
HA	KX789464	No	4	1745	H1N1	09/16/2015	IRD:Human	India	-N/A-	-N/A-	A/India/Kol-5018/2015	
HA	KX789465	No	4	1745	H1N1	09/17/2015	IRD:Human	India	-N/A-	-N/A-	A/India/Kol-5025/2015	
HA	KX789466	No	4	1745	H1N1	10/07/2015	IRD:Human	India	-N/A-	-N/A-	A/India/Kol-5065/2015	
HA	KX789417	Yes	4	1701	H1N1	03/14/2015	IRD:Human	India	-N/A-	-N/A-	A/India/Kol-S4163/2015	
HA	KX789425	Yes	4	1701	H1N1	03/21/2015	IRD:Human	India	-N/A-	-N/A-	A/India/Kol-S4481/2015	
HA	KX789433	Yes	4	1701	H1N1	03/23/2015	IRD:Human	India	-N/A-	-N/A-	A/India/Kol-S4587/2015	
HA	KX789441	Yes	4	1701	H1N1	03/25/2015	IRD:Human	India	-N/A-	-N/A-	A/India/Kol-S4659/2015	
HA	KX789449	Yes	4	1701	H1N1	03/25/2015	IRD:Human	India	-N/A-	-N/A-	A/India/Kol-S4666/2015	
HA	KU695613	No	4	1745	H1N1	02/2015	IRD:Human	India	-N/A-	-N/A-	A/India/Kol-T15/2015	
HA	KU695614	No	4	1771	H1N1	02/2015	IRD:Human	India	-N/A-	-N/A-	A/India/Kol-T16/2015	
HA	KU695609	No	4	1745	H1N1	02/2015	IRD:Human	India	-N/A-	-N/A-	A/India/Kol-T3/2015	
HA	KU695610	No	4	1745	H1N1	02/2015	IRD:Human	India	-N/A-	-N/A-	A/India/Kol-T4/2015	
HA	KU695611	No	4	1745	H1N1	02/2015	IRD:Human	India	-N/A-	-N/A-	A/India/Kol-T5/2015	
HA	KU695612	No	4	1745	H1N1	02/2015	IRD:Human	India	-N/A-	-N/A-	A/India/Kol-T8/2015	
HA	MF319564	No	4	1701	H1N1	02/03/2017	IRD:Human	India	-N/A-	-N/A-	A/India/Nad1721957/2017	
HA	KR052535	No	4	1701	H1N1	07/19/2013	IRD:Human	India	-N/A-	-N/A-	A/India/Nag1320058/2013	
HA	KR052536	No	4	1701	H1N1	08/22/2013	IRD:Human	India	-N/A-	-N/A-	A/India/Nag1320061/2013	
HA	KF280735	Yes	4	1701	H1N1	01/31/2013	IRD:Human	India	-N/A-	-N/A-	A/India/Nag132467/2013(H1N1)	
HA	MG271896	No	4	1701	H1N1	05/16/2017	IRD:Human	India	-N/A-	-N/A-	A/India/NAN1726753/2017	
HA	KF280671	Yes	4	1701	H1N1	01/19/2012	IRD:Human	India	-N/A-	-N/A-	A/India/Nsk12388/2012(H1N1)	
HA	KF280655	Yes	4	1701	H1N1	08/10/2011	IRD:Human	India	-N/A-	-N/A-	A/India/P1112874/2011(H1N1)	
HA	KF280663	Yes	4	1701	H1N1	09/23/2011	IRD:Human	India	-N/A-	-N/A-	A/India/P1114854/2011(H1N1)	
HA	KX792320	No	4	1701	H1N1	07/10/2012	IRD:Human	India	-N/A-	-N/A-	A/India/P1210194/2012	
HA	KX792313	No	4	1701	H1N1	07/17/2012	IRD:Human	India	-N/A-	-N/A-	A/India/P1210472/2012	
HA	KX792318	No	4	1701	H1N1	07/20/2012	IRD:Human	India	-N/A-	-N/A-	A/India/P1210573/2012	
HA	KX792315	No	4	1701	H1N1	07/26/2012	IRD:Human	India	-N/A-	-N/A-	A/India/P1210772/2012	
HA	KX792314	No	4	1701	H1N1	08/01/2012	IRD:Human	India	-N/A-	-N/A-	A/India/P1210993/2012	
HA	KX792271	No	4	1701	H1N1	11/22/2011	IRD:Human	India	-N/A-	-N/A-	A/India/P121253/2011	
HA	KX792311	No	4	1701	H1N1	08/23/2012	IRD:Human	India	-N/A-	-N/A-	A/India/P1213259/2012	
HA	KX792322	No	4	1701	H1N1	08/29/2012	IRD:Human	India	-N/A-	-N/A-	A/India/P1213777/2012	
HA	KF280679	Yes	4	1701	H1N1	02/24/2012	IRD:Human	India	-N/A-	-N/A-	A/India/P121716/2012(H1N1)	
HA	KX792270	Yes	4	1701	H1N1	02/24/2012	IRD:Human	India	-N/A-	-N/A-	A/India/P121717/2012	
HA	KF280687	Yes	4	1701	H1N1	02/24/2012	IRD:Human	India	-N/A-	-N/A-	A/India/P121717/2012(H1N1)	
HA	KF280695	Yes	4	1701	H1N1	02/24/2012	IRD:Human	India	-N/A-	-N/A-	A/India/P121773/2012(H1N1)	
HA	KF280703	Yes	4	1701	H1N1	02/24/2012	IRD:Human	India	-N/A-	-N/A-	A/India/P121778/2012(H1N1)	
HA	KX792272	No	4	1701	H1N1	02/27/2012	IRD:Human	India	-N/A-	-N/A-	A/India/P121788/2012	
HA	KF280711	No	4	1701	H1N1	02/29/2012	IRD:Human	India	-N/A-	-N/A-	A/India/P121939/2012(H1N1)	
HA	KX792274	No	4	1701	H1N1	03/05/2012	IRD:Human	India	-N/A-	-N/A-	A/India/P122023/2012	
HA	KX792286	No	4	1701	H1N1	03/05/2012	IRD:Human	India	-N/A-	-N/A-	A/India/P122045/2012	
HA	KX792275	No	4	1701	H1N1	03/06/2012	IRD:Human	India	-N/A-	-N/A-	A/India/P122059/2012	
HA	KX792289	No	4	1701	H1N1	03/07/2012	IRD:Human	India	-N/A-	-N/A-	A/India/P122090/2012	
HA	KX792277	No	4	1701	H1N1	02/28/2012	IRD:Human	India	-N/A-	-N/A-	A/India/P122246/2012	
HA	KX792280	No	4	1701	H1N1	03/13/2012	IRD:Human	India	-N/A-	-N/A-	A/India/P122300/2012	
HA	KX792276	No	4	1701	H1N1	03/15/2012	IRD:Human	India	-N/A-	-N/A-	A/India/P122576/2012	
HA	KX792288	No	4	1701	H1N1	03/16/2012	IRD:Human	India	-N/A-	-N/A-	A/India/P122639/2012	
HA	KX792281	No	4	1701	H1N1	03/16/2012	IRD:Human	India	-N/A-	-N/A-	A/India/P122654/2012	
HA	KX792273	No	4	1701	H1N1	03/17/2012	IRD:Human	India	-N/A-	-N/A-	A/India/P122703/2012	
HA	KX792266	No	4	1701	H1N1	03/17/2012	IRD:Human	India	-N/A-	-N/A-	A/India/P122707/2012	
HA	KX792290	No	4	1701	H1N1	03/21/2012	IRD:Human	India	-N/A-	-N/A-	A/India/P122975/2012	
HA	KX792279	No	4	1701	H1N1	03/21/2012	IRD:Human	India	-N/A-	-N/A-	A/India/P123137/2012	
HA	KX792265	No	4	1701	H1N1	03/22/2012	IRD:Human	India	-N/A-	-N/A-	A/India/P123148/2012	
HA	KX792285	No	4	1701	H1N1	03/22/2012	IRD:Human	India	-N/A-	-N/A-	A/India/P123167/2012	
HA	KX792283	No	4	1701	H1N1	03/22/2012	IRD:Human	India	-N/A-	-N/A-	A/India/P123176/2012	
HA	KX792267	No	4	1701	H1N1	03/22/2012	IRD:Human	India	-N/A-	-N/A-	A/India/P123181/2012	
HA	KX792282	No	4	1701	H1N1	03/21/2012	IRD:Human	India	-N/A-	-N/A-	A/India/P123187/2012	
HA	KX792284	No	4	1701	H1N1	03/21/2012	IRD:Human	India	-N/A-	-N/A-	A/India/P123192/2012	
HA	KX792287	No	4	1701	H1N1	03/21/2012	IRD:Human	India	-N/A-	-N/A-	A/India/P123246/2012	
HA	KX792269	No	4	1701	H1N1	04/05/2012	IRD:Human	India	-N/A-	-N/A-	A/India/P125155/2012	
HA	KX792278	No	4	1701	H1N1	04/07/2012	IRD:Human	India	-N/A-	-N/A-	A/India/P125442/2012	
HA	KX792268	No	4	1701	H1N1	04/16/2012	IRD:Human	India	-N/A-	-N/A-	A/India/P125709/2012	
HA	KF280719	Yes	4	1701	H1N1	02/10/2012	IRD:Human	India	-N/A-	-N/A-	A/India/P12946/2012(H1N1)	
HA	KX792319	No	4	1701	H1N1	07/05/2012	IRD:Human	India	-N/A-	-N/A-	A/India/P129932/2012	
HA	KX792316	No	4	1701	H1N1	07/05/2012	IRD:Human	India	-N/A-	-N/A-	A/India/P129953/2012	
HA	KX792317	No	4	1701	H1N1	07/06/2012	IRD:Human	India	-N/A-	-N/A-	A/India/P129956/2012	
HA	KF270582	Yes	4	1701	H1N1	01/27/2013	IRD:Human	India	-N/A-	-N/A-	A/India/P131027/2013(H1N1)	
HA	KF280743	Yes	4	1701	H1N1	02/15/2013	IRD:Human	India	-N/A-	-N/A-	A/India/P131845/2013(H1N1)	
HA	KF280751	Yes	4	1701	H1N1	02/18/2013	IRD:Human	India	-N/A-	-N/A-	A/India/P132194/2013(H1N1)	
HA	MF319590	No	4	1701	H1N1	02/14/2016	IRD:Human	India	-N/A-	-N/A-	A/India/P161674/2016	
HA	MF319593	No	4	1701	H1N1	02/13/2016	IRD:Human	India	-N/A-	-N/A-	A/India/P161705/2016	
HA	MF319594	No	4	1701	H1N1	02/15/2016	IRD:Human	India	-N/A-	-N/A-	A/India/P161761/2016	
HA	MF319595	No	4	1701	H1N1	02/18/2016	IRD:Human	India	-N/A-	-N/A-	A/India/P161819/2016	
HA	MF319596	No	4	1701	H1N1	03/13/2016	IRD:Human	India	-N/A-	-N/A-	A/India/P163725/2016	
HA	MF319597	No	4	1701	H1N1	03/24/2016	IRD:Human	India	-N/A-	-N/A-	A/India/P164183/2016	
HA	MF319592	No	4	1701	H1N1	04/13/2016	IRD:Human	India	-N/A-	-N/A-	A/India/P165002/2016	
HA	MF319591	No	4	1701	H1N1	03/18/2016	IRD:Human	India	-N/A-	-N/A-	A/India/P167506/2016	
HA	MF319598	No	4	1701	H1N1	03/24/2016	IRD:Human	India	-N/A-	-N/A-	A/India/P167512/2016	
HA	MF319572	No	4	1701	H1N1	01/03/2017	IRD:Human	India	-N/A-	-N/A-	A/India/P1720775/2017	
HA	MF319570	No	4	1701	H1N1	01/09/2017	IRD:Human	India	-N/A-	-N/A-	A/India/P1720845/2017	
HA	MF319588	No	4	1701	H1N1	02/10/2017	IRD:Human	India	-N/A-	-N/A-	A/India/P1722256/2017	
HA	MF319589	No	4	1701	H1N1	02/10/2017	IRD:Human	India	-N/A-	-N/A-	A/India/P1722287/2017	
HA	MF319587	No	4	1701	H1N1	02/15/2017	IRD:Human	India	-N/A-	-N/A-	A/India/P1722376/2017	
HA	MG271895	No	4	1701	H1N1	04/29/2017	IRD:Human	India	-N/A-	-N/A-	A/India/P1726361/2017	
HA	MG271886	No	4	1701	H1N1	05/02/2017	IRD:Human	India	-N/A-	-N/A-	A/India/P1726441/2017	
HA	MG271897	No	4	1701	H1N1	05/18/2017	IRD:Human	India	-N/A-	-N/A-	A/India/P1726853/2017	
HA	MG271898	No	4	1701	H1N1	05/31/2017	IRD:Human	India	-N/A-	-N/A-	A/India/P1727283/2017	
HA	MG271905	No	4	1701	H1N1	06/19/2017	IRD:Human	India	-N/A-	-N/A-	A/India/P1727844/2017	
HA	MG271899	No	4	1701	H1N1	06/24/2017	IRD:Human	India	-N/A-	-N/A-	A/India/P1728161/2017	
HA	MG271900	No	4	1701	H1N1	07/06/2017	IRD:Human	India	-N/A-	-N/A-	A/India/P1728697/2017	
HA	MG271901	No	4	1701	H1N1	07/20/2017	IRD:Human	India	-N/A-	-N/A-	A/India/P1729358/2017	
HA	MG271902	No	4	1701	H1N1	08/04/2017	IRD:Human	India	-N/A-	-N/A-	A/India/P1730402/2017	
HA	KR052553	No	4	1701	H1N1	07/29/2013	IRD:Human	India	-N/A-	-N/A-	A/India/Pun1312095/2013	
HA	KR052565	No	4	1701	H1N1	09/10/2013	IRD:Human	India	-N/A-	-N/A-	A/India/Pun1318508/2013	
HA	KR052610	No	4	1701	H1N1	01/18/2014	IRD:Human	India	-N/A-	-N/A-	A/India/Pun14549/2014	
HA	KR052611	No	4	1701	H1N1	01/21/2014	IRD:Human	India	-N/A-	-N/A-	A/India/Pun14584/2014	
HA	KR052625	Yes	4	1701	H1N1	01/23/2015	IRD:Human	India	-N/A-	-N/A-	A/India/Pun151192/2015	
HA	KR052626	Yes	4	1701	H1N1	01/27/2015	IRD:Human	India	-N/A-	-N/A-	A/India/Pun151214/2015	
HA	KR052624	Yes	4	1701	H1N1	01/28/2015	IRD:Human	India	-N/A-	-N/A-	A/India/Pun151245/2015	
HA	KR052635	No	4	1701	H1N1	01/28/2015	IRD:Human	India	-N/A-	-N/A-	A/India/Pun151247/2015	
HA	KR052627	Yes	4	1701	H1N1	01/27/2015	IRD:Human	India	-N/A-	-N/A-	A/India/Pun151268/2015	
HA	KR052628	Yes	4	1701	H1N1	02/02/2015	IRD:Human	India	-N/A-	-N/A-	A/India/Pun151368/2015	
HA	KR052629	Yes	4	1701	H1N1	02/01/2015	IRD:Human	India	-N/A-	-N/A-	A/India/Pun151399/2015	
HA	KR052631	Yes	4	1701	H1N1	02/03/2015	IRD:Human	India	-N/A-	-N/A-	A/India/Pun151508/2015	
HA	KR052630	No	4	1702	H1N1	02/20/2015	IRD:Human	India	-N/A-	-N/A-	A/India/Pun153225/2015	
HA	KR052633	No	4	1701	H1N1	02/27/2015	IRD:Human	India	-N/A-	-N/A-	A/India/Pun153388/2015	
HA	KR052632	No	4	1701	H1N1	02/27/2015	IRD:Human	India	-N/A-	-N/A-	A/India/Pun153389/2015	
HA	KR052634	No	4	1701	H1N1	03/04/2015	IRD:Human	India	-N/A-	-N/A-	A/India/Pun153793/2015	
HA	MF319576	No	4	1701	H1N1	03/07/2017	IRD:Human	India	-N/A-	-N/A-	A/India/Raj1725717/2017	
HA	MF319578	No	4	1701	H1N1	03/13/2017	IRD:Human	India	-N/A-	-N/A-	A/India/Raj1725720/2017	
HA	MF319577	No	4	1701	H1N1	04/07/2017	IRD:Human	India	-N/A-	-N/A-	A/India/Raj1725726/2017	
HA	MG271907	No	4	1701	H1N1	03/13/2017	IRD:Human	India	-N/A-	-N/A-	A/India/S1728628/2017	
HA	MG271906	No	4	1701	H1N1	03/15/2017	IRD:Human	India	-N/A-	-N/A-	A/India/S1728630/2017	
HA	MG271908	No	4	1701	H1N1	08/07/2017	IRD:Human	India	-N/A-	-N/A-	A/India/S1730298/2017	
HA	MG271892	No	4	1701	H1N1	02/02/2017	IRD:Human	India	-N/A-	-N/A-	A/India/SOL1726612/2017	
HA	MG271893	No	4	1701	H1N1	02/05/2017	IRD:Human	India	-N/A-	-N/A-	A/India/SOL1726613/2017	
HA	MG271894	No	4	1701	H1N1	03/13/2017	IRD:Human	India	-N/A-	-N/A-	A/India/SOL1726617/2017	
HA	KF280727	No	4	1701	H1N1	03/07/2012	IRD:Human	India	-N/A-	-N/A-	A/India/VD122268/2012(H1N1)	
HA	KT241013	No	4	1722	H1N1	11/30/2009	IRD:Human	India	-N/A-	-N/A-	A/Indore/10/2009	
HA	KF886295	No	4	1704	H1N1	09/16/2010	IRD:Human	India	-N/A-	-N/A-	A/Indore/1085/2010	
HA	KF886296	No	4	1728	H1N1	07/03/2013	IRD:Human	India	-N/A-	-N/A-	A/Indore/2683/2013	
HA	KM885035	No	4	1701	H1N1	03/29/2013	IRD:Human	India	-N/A-	-N/A-	A/Indore/2820/2013	
HA	KT241019	No	4	1716	H1N1	01/15/2015	IRD:Human	India	-N/A-	-N/A-	A/Indore/3415/2015	
HA	KT241020	No	4	1701	H1N1	02/04/2015	IRD:Human	India	-N/A-	-N/A-	A/Indore/3598/2015	
HA	KT241014	No	4	1734	H1N1	02/09/2010	IRD:Human	India	-N/A-	-N/A-	A/Indore/379/2010	
HA	KM885027	No	4	1701	H1N1	12/16/2009	IRD:Human	India	-N/A-	-N/A-	A/Indore/59/2009	
HA	KM885036	No	4	1701	H1N1	05/15/2013	IRD:Human	India	-N/A-	-N/A-	A/Itarsi/2934/2013	
HA	KF886294	No	4	1731	H1N1	12/26/2009	IRD:Human	India	-N/A-	-N/A-	A/Jabalpur/112/2009	
HA	KT241015	No	4	1707	H1N1	09/30/2010	IRD:Human	India	-N/A-	-N/A-	A/Jabalpur/1413/2010	
HA	KM885033	No	4	1701	H1N1	07/13/2012	IRD:Human	India	-N/A-	-N/A-	A/Jabalpur/1737/2012	
HA	KM885034	No	4	1701	H1N1	08/16/2012	IRD:Human	India	-N/A-	-N/A-	A/Jabalpur/1758/2012	
HA	KM885029	No	4	1701	H1N1	08/09/2010	IRD:Human	India	-N/A-	-N/A-	A/Jabalpur/543/2010	
HA	MH160790	No	4	1701	H1N1	10/11/2017	IRD:Human	India	-N/A-	-N/A-	A/Jabalpur/8504/2017	
HA	HM204573	No	4	1707	H1N1	08/2009	IRD:Human	India	-N/A-	-N/A-	A/Jalna/NIV9436/2009	
HA	KP317217	No	4	1701	H1N1	12/04/2009	IRD:Human	India	-N/A-	-N/A-	A/Jammu & Kashmir/013/2009	
HA	KP317225	No	4	1701	H1N1	07/19/2010	IRD:Human	India	-N/A-	-N/A-	A/Jammu & Kashmir/021/2010	
HA	KP317226	No	4	1701	H1N1	01/15/2010	IRD:Human	India	-N/A-	-N/A-	A/Jammu & Kashmir/022/2010	
HA	KP317248	No	4	1701	H1N1	01/20/2011	IRD:Human	India	-N/A-	-N/A-	A/Jammu & Kashmir/044/2011	
HA	KP317249	No	4	1701	H1N1	01/31/2011	IRD:Human	India	-N/A-	-N/A-	A/Jammu & Kashmir/045/2011	
HA	KP317288	No	4	1701	H1N1	02/24/2013	IRD:Human	India	-N/A-	-N/A-	A/Jammu & Kashmir/084/2013	
HA	KP317289	No	4	1701	H1N1	02/20/2013	IRD:Human	India	-N/A-	-N/A-	A/Jammu & Kashmir/085/2013	
HA	MF535113	No	4	1701	H1N1	2009	IRD:Human	India	-N/A-	-N/A-	A/Jodhpur/1316/2009	
HA	MF535112	No	4	1701	H1N1	12/10/2012	IRD:Human	India	-N/A-	-N/A-	A/Jodhpur/3240/2012	
HA	MF535109	No	4	1701	H1N1	12/04/2009	IRD:Human	India	-N/A-	-N/A-	A/Jodhpur/526/2009	
HA	KP317205	No	4	1701	H1N1	08/06/2009	IRD:Human	India	-N/A-	-N/A-	A/Karnataka/001/2009	
HA	KP317206	No	4	1701	H1N1	08/14/2009	IRD:Human	India	-N/A-	-N/A-	A/Kerala/002/2009	
HA	KP317227	No	4	1701	H1N1	06/19/2010	IRD:Human	India	-N/A-	-N/A-	A/Kerala/023/2010	
HA	KY888150	Yes	4	1701	H1N1	04/01/2014	IRD:Human	India	-N/A-	-N/A-	A/Kerala/RGCB140815/2014	
HA	KY888151	Yes	4	1701	H1N1	06/09/2014	IRD:Human	India	-N/A-	-N/A-	A/Kerala/RGCB141437/2014	
HA	KY888149	Yes	4	1701	H1N1	01/14/2015	IRD:Human	India	-N/A-	-N/A-	A/Kerala/RGCB145385/2015	
HA	KY888148	Yes	4	1701	H1N1	02/03/2015	IRD:Human	India	-N/A-	-N/A-	A/Kerala/RGCB145751/2015	
HA	KU922545	Yes	4	1701	H1N1	02/10/2015	IRD:Human	India	-N/A-	-N/A-	A/Kerala/RGCB145808/2015	
HA	MF510838	No	4	1701	H1N1	03/03/2017	IRD:Human	India	-N/A-	-N/A-	A/Kerala/RGCB172108/2017	
HA	MF510835	No	4	1701	H1N1	03/08/2017	IRD:Human	India	-N/A-	-N/A-	A/Kerala/RGCB172158/2017	
HA	MF510836	No	4	1701	H1N1	03/09/2017	IRD:Human	India	-N/A-	-N/A-	A/Kerala/RGCB172171/2017	
HA	MF510839	No	4	1701	H1N1	03/13/2017	IRD:Human	India	-N/A-	-N/A-	A/Kerala/RGCB172247/2017	
HA	MF510840	No	4	1701	H1N1	03/14/2017	IRD:Human	India	-N/A-	-N/A-	A/Kerala/RGCB172263/2017	
HA	MF510841	No	4	1701	H1N1	03/16/2017	IRD:Human	India	-N/A-	-N/A-	A/Kerala/RGCB172302/2017	
HA	MF510837	No	4	1701	H1N1	03/28/2017	IRD:Human	India	-N/A-	-N/A-	A/Kerala/RGCB172326/2017	
HA	MK080176	No	4	1701	H1N1	01/12/2015	IRD:Human	India	-N/A-	-N/A-	A/Kerala/RGCB_345/2015	
HA	MK080178	No	4	1701	H1N1	01/27/2015	IRD:Human	India	-N/A-	-N/A-	A/Kerala/RGCB_546/2015	
HA	MK080177	No	4	1701	H1N1	01/27/2015	IRD:Human	India	-N/A-	-N/A-	A/Kerala/RGCB_589/2015	
HA	MK080167	No	4	1701	H1N1	10/02/2009	IRD:Human	India	-N/A-	-N/A-	A/Kerala/RGCB_A808/2009	
HA	MK080168	No	4	1701	H1N1	10/05/2009	IRD:Human	India	-N/A-	-N/A-	A/Kerala/RGCB_A884/2009	
HA	MK080169	No	4	1701	H1N1	10/14/2009	IRD:Human	India	-N/A-	-N/A-	A/Kerala/RGCB_B172/2009	
HA	MK080170	No	4	1701	H1N1	10/15/2009	IRD:Human	India	-N/A-	-N/A-	A/Kerala/RGCB_B205/2009	
HA	MK080171	No	4	1701	H1N1	10/16/2009	IRD:Human	India	-N/A-	-N/A-	A/Kerala/RGCB_B233/2009	
HA	MK080172	No	4	1701	H1N1	10/16/2009	IRD:Human	India	-N/A-	-N/A-	A/Kerala/RGCB_B234/2009	
HA	MK080173	No	4	1701	H1N1	06/16/2010	IRD:Human	India	-N/A-	-N/A-	A/Kerala/RGCB_C990/2010	
HA	MK080174	No	4	1701	H1N1	06/16/2010	IRD:Human	India	-N/A-	-N/A-	A/Kerala/RGCB_C996/2010	
HA	MK080175	No	4	1701	H1N1	06/16/2010	IRD:Human	India	-N/A-	-N/A-	A/Kerala/RGCB_C998/2010	
HA	KM203128	Yes	4	1701	H1N1	10/07/2009	IRD:Human	India	-N/A-	-N/A-	A/Kerala/RGCBA923/2009	
HA	KM203129	No	4	1701	H1N1	10/20/2009	IRD:Human	India	-N/A-	-N/A-	A/Kerala/RGCBB360/2009	
HA	KM203130	No	4	1701	H1N1	12/01/2009	IRD:Human	India	-N/A-	-N/A-	A/Kerala/RGCBC291/2009	
HA	KM203131	No	4	1701	H1N1	03/09/2010	IRD:Human	India	-N/A-	-N/A-	A/Kerala/RGCBC699/2010	
HA	KM203132	No	4	1701	H1N1	03/09/2010	IRD:Human	India	-N/A-	-N/A-	A/Kerala/RGCBC700/2010	
HA	KM203133	No	4	1701	H1N1	03/07/2011	IRD:Human	India	-N/A-	-N/A-	A/Kerala/RGCBE658/2011	
HA	KM203134	No	4	1701	H1N1	06/07/2011	IRD:Human	India	-N/A-	-N/A-	A/Kerala/RGCBE679/2011	
HA	KM203135	No	4	1701	H1N1	06/07/2011	IRD:Human	India	-N/A-	-N/A-	A/Kerala/RGCBE680/2011	
HA	KM203136	No	4	1701	H1N1	02/08/2011	IRD:Human	India	-N/A-	-N/A-	A/Kerala/RGCBF2/2011	
HA	KM203137	No	4	1701	H1N1	07/16/2012	IRD:Human	India	-N/A-	-N/A-	A/Kerala/RGCBF294/2012	
HA	KM203138	No	4	1701	H1N1	07/17/2012	IRD:Human	India	-N/A-	-N/A-	A/Kerala/RGCBF302/2012	
HA	KM203139	No	4	1701	H1N1	07/20/2012	IRD:Human	India	-N/A-	-N/A-	A/Kerala/RGCBF311/2012	
HA	KM885028	No	4	1701	H1N1	01/21/2010	IRD:Human	India	-N/A-	-N/A-	A/Khargone/293/2010	
HA	CY075890	No	4	1769	H1N1	09/20/2009	IRD:Human	India	-N/A-	-N/A-	A/Kol/NIV105774/2009	
HA	CY075891	No	4	1744	H1N1	10/15/2009	IRD:Human	India	-N/A-	-N/A-	A/Kol/NIV105777/2009	
HA	MG905591	No	4	1701	H1N1	05/2017	IRD:Human	India	-N/A-	-N/A-	A/Kolkata/NICED-0001/2017	
HA	MG905592	No	4	1701	H1N1	05/2017	IRD:Human	India	-N/A-	-N/A-	A/Kolkata/NICED-0002/2017	
HA	MG905593	No	4	1701	H1N1	05/2017	IRD:Human	India	-N/A-	-N/A-	A/Kolkata/NICED-0003/2017	
HA	MG905595	No	4	1701	H1N1	05/2017	IRD:Human	India	-N/A-	-N/A-	A/Kolkata/NICED-0005/2017	
HA	MG905596	No	4	1701	H1N1	05/2017	IRD:Human	India	-N/A-	-N/A-	A/Kolkata/NICED-0006/2017	
HA	MG905597	No	4	1701	H1N1	05/2017	IRD:Human	India	-N/A-	-N/A-	A/Kolkata/NICED-0007/2017	
HA	MG905598	No	4	1701	H1N1	05/2017	IRD:Human	India	-N/A-	-N/A-	A/Kolkata/NICED-0008/2017	
HA	MG905599	No	4	1701	H1N1	05/2017	IRD:Human	India	-N/A-	-N/A-	A/Kolkata/NICED-0009/2017	
HA	MG905600	No	4	1701	H1N1	05/2017	IRD:Human	India	-N/A-	-N/A-	A/Kolkata/NICED-0010/2017	
HA	CY075915	No	4	1762	H1N1	02/12/2010	IRD:Human	India	-N/A-	-N/A-	A/Lur/NIV24770/2010	
HA	KP317215	No	4	1701	H1N1	10/10/2009	IRD:Human	India	-N/A-	-N/A-	A/Madhya Pradesh/011/2009	
HA	KP317228	No	4	1701	H1N1	01/28/2010	IRD:Human	India	-N/A-	-N/A-	A/Madhya Pradesh/024/2010	
HA	CY075893	No	4	1769	H1N1	08/05/2009	IRD:Human	India	-N/A-	-N/A-	A/Mum/NIV1126/2009	
HA	CY075894	No	4	1746	H1N1	08/05/2009	IRD:Human	India	-N/A-	-N/A-	A/Mum/NIV1134/2009	
HA	HM204567	No	4	1709	H1N1	06/2009	IRD:Human	India	-N/A-	-N/A-	A/Mum/NIV261/2009	
HA	CY075920	Yes	4	1756	H1N1	07/07/2009	IRD:Human	India	-N/A-	-N/A-	A/Mum/NIV398/2009(H1N1)	
HA	HM204575	No	4	1771	H1N1	08/2009	IRD:Human	India	-N/A-	-N/A-	A/Mum/NIV9312/2009	
HA	HM204570	No	4	1711	H1N1	07/2009	IRD:Human	India	-N/A-	-N/A-	A/Mum/NIV968/2009	
HA	KJ909523	No	4	1741	H1N1	09/14/2009	IRD:Human	India	-N/A-	-N/A-	A/Mumbai/3212/2009	
HA	CY075919	No	4	1755	H1N1	05/21/2010	IRD:Human	India	-N/A-	-N/A-	A/Nanded/NIV29214/2010	
HA	CY075892	No	4	1711	H1N1	09/05/2009	IRD:Human	India	-N/A-	-N/A-	A/Ngp/NIV11203/2009	
HA	CY075898	No	4	1709	H1N1	10/06/2009	IRD:Human	India	-N/A-	-N/A-	A/Ngp/NIV14725/2009(H1N1)	
HA	CY075912	No	4	1744	H1N1	01/13/2010	IRD:Human	India	-N/A-	-N/A-	A/Ngp/NIV22704/2010(H1N1)	
HA	HM204576	Yes	4	1708	H1N1	09/2009	IRD:Human	India	-N/A-	-N/A-	A/Nsk/NIV10348/2009(H1N1)	
HA	CY075924	No	4	1708	H1N1	09/02/2009	IRD:Human	India	-N/A-	-N/A-	A/Nsk/NIV9968/2009	
HA	CY075888	No	4	1755	H1N1	12/21/2009	IRD:Human	India	-N/A-	-N/A-	A/Pune/NIV0953725/2009(H1N1)	
HA	CY075896	No	4	1711	H1N1	08/06/2009	IRD:Human	India	-N/A-	-N/A-	A/Pune/NIV1166/2009	
HA	CY075899	No	4	1711	H1N1	10/07/2009	IRD:Human	India	-N/A-	-N/A-	A/Pune/NIV14886/2009	
HA	CY075900	No	4	1708	H1N1	10/11/2009	IRD:Human	India	-N/A-	-N/A-	A/Pune/NIV15492/2009	
HA	CY075901	No	4	1760	H1N1	06/21/2009	IRD:Human	India	-N/A-	-N/A-	A/Pune/NIV161/2009	
HA	CY075902	No	4	1759	H1N1	12/05/2009	IRD:Human	India	-N/A-	-N/A-	A/Pune/NIV19609/2009	
HA	CY075903	No	4	1759	H1N1	12/10/2009	IRD:Human	India	-N/A-	-N/A-	A/Pune/NIV19934/2009	
HA	HM204577	No	4	1744	H1N1	12/2009	IRD:Human	India	-N/A-	-N/A-	A/Pune/NIV20007/2009	
HA	CY075904	No	4	1765	H1N1	12/11/2009	IRD:Human	India	-N/A-	-N/A-	A/Pune/NIV20069/2009	
HA	CY075905	No	4	1761	H1N1	12/23/2009	IRD:Human	India	-N/A-	-N/A-	A/Pune/NIV21090/2009	
HA	HM204578	No	4	1744	H1N1	12/2009	IRD:Human	India	-N/A-	-N/A-	A/Pune/NIV21115/2009	
HA	HM204579	No	4	1770	H1N1	12/2009	IRD:Human	India	-N/A-	-N/A-	A/Pune/NIV21123/2009	
HA	CY075906	No	4	1768	H1N1	12/23/2009	IRD:Human	India	-N/A-	-N/A-	A/Pune/NIV21139/2009	
HA	CY075907	No	4	1769	H1N1	12/24/2009	IRD:Human	India	-N/A-	-N/A-	A/Pune/NIV21159/2009	
HA	CY075908	No	4	1756	H1N1	12/24/2009	IRD:Human	India	-N/A-	-N/A-	A/Pune/NIV21163/2009	
HA	CY075909	No	4	1769	H1N1	12/25/2009	IRD:Human	India	-N/A-	-N/A-	A/Pune/NIV21193/2009	
HA	CY075910	No	4	1727	H1N1	12/24/2009	IRD:Human	India	-N/A-	-N/A-	A/Pune/NIV21218/2009	
HA	CY075911	No	4	1759	H1N1	12/24/2009	IRD:Human	India	-N/A-	-N/A-	A/Pune/NIV21259/2009	
HA	CY075918	No	4	1744	H1N1	03/09/2010	IRD:Human	India	-N/A-	-N/A-	A/Pune/NIV26410/2010	
HA	CY075922	No	4	1701	H1N1	07/21/2009	IRD:Human	India	-N/A-	-N/A-	A/Pune/NIV652/2009	
HA	CY075923	Yes	4	1769	H1N1	07/25/2009	IRD:Human	India	-N/A-	-N/A-	A/Pune/NIV759/2009	
HA	HM204568	No	4	1755	H1N1	07/2009	IRD:Human	India	-N/A-	-N/A-	A/Pune/NIV807/2009	
HA	KP317211	No	4	1701	H1N1	11/26/2009	IRD:Human	India	-N/A-	-N/A-	A/Punjab/007/2009	
HA	KP317234	No	4	1701	H1N1	08/21/2010	IRD:Human	India	-N/A-	-N/A-	A/Punjab/030/2010	
HA	KP317235	No	4	1701	H1N1	10/19/2010	IRD:Human	India	-N/A-	-N/A-	A/Punjab/031/2010	
HA	KP317244	No	4	1701	H1N1	02/21/2011	IRD:Human	India	-N/A-	-N/A-	A/Punjab/040/2011	
HA	KP317245	No	4	1701	H1N1	03/09/2011	IRD:Human	India	-N/A-	-N/A-	A/Punjab/041/2011	
HA	KP317246	No	4	1701	H1N1	03/17/2011	IRD:Human	India	-N/A-	-N/A-	A/Punjab/042/2011	
HA	KP317247	No	4	1701	H1N1	03/28/2011	IRD:Human	India	-N/A-	-N/A-	A/Punjab/043/2011	
HA	KP317213	No	4	1701	H1N1	11/26/2009	IRD:Human	India	-N/A-	-N/A-	A/Rajasthan/009/2009	
HA	KP317223	No	4	1701	H1N1	01/10/2010	IRD:Human	India	-N/A-	-N/A-	A/Rajasthan/019/2010	
HA	CY075895	Yes	4	1708	H1N1	09/16/2009	IRD:Human	India	-N/A-	-N/A-	A/Rtng/NIV11650/2009	
HA	KP317216	No	4	1701	H1N1	11/06/2009	IRD:Human	India	-N/A-	-N/A-	A/Tamil Naidu/012/2009	
HA	MK226519	No	4	1701	H1N1	02/28/2017	IRD:Human	India	-N/A-	-N/A-	A/Trirupati/INDHTR03/2017	
HA	MK226520	No	4	1701	H1N1	03/08/2017	IRD:Human	India	-N/A-	-N/A-	A/Trirupati/INDHTR04/2017	
HA	MK226521	No	4	1740	H1N1	03/03/2017	IRD:Human	India	-N/A-	-N/A-	A/Trirupati/INDHTR12/2017	
HA	MF629794	No	4	1701	H1N1	08/21/2009	IRD:Human	India	-N/A-	-N/A-	A/Trivandrum/MCVR261/2009	
HA	KT241018	No	4	1710	H1N1	01/19/2013	IRD:Human	India	-N/A-	-N/A-	A/Ujjain/2558/2013	
HA	KT369727	No	4	1712	H1N1	02/25/2015	IRD:Human	India	-N/A-	-N/A-	A/Ujjain/5448/2015	
HA	KP317209	No	4	1701	H1N1	10/04/2009	IRD:Human	India	-N/A-	-N/A-	A/Uttar Pradesh/005/2009	
HA	KP317236	No	4	1701	H1N1	09/16/2010	IRD:Human	India	-N/A-	-N/A-	A/Uttar Pradesh/032/2010	
HA	KP317294	No	4	1701	H1N1	02/26/2013	IRD:Human	India	-N/A-	-N/A-	A/Uttar Pradesh/090/2013	
HA	KP317295	No	4	1701	H1N1	02/28/2013	IRD:Human	India	-N/A-	-N/A-	A/Uttar Pradesh/091/2013	
HA	KP317218	No	4	1701	H1N1	12/08/2009	IRD:Human	India	-N/A-	-N/A-	A/Uttrakhand/014/2009	
HA	KP317237	No	4	1701	H1N1	09/24/2010	IRD:Human	India	-N/A-	-N/A-	A/Uttrakhand/033/2010	
HA	KP317274	No	4	1701	H1N1	10/04/2012	IRD:Human	India	-N/A-	-N/A-	A/Uttrakhand/070/2012	
HA	KP317286	No	4	1701	H1N1	02/18/2013	IRD:Human	India	-N/A-	-N/A-	A/Uttrakhand/082/2013	
HA	KP317287	No	4	1701	H1N1	02/22/2013	IRD:Human	India	-N/A-	-N/A-	A/Uttrakhand/083/2013	
HA	CY075889	Yes	4	1751	H1N1	04/03/2010	IRD:Human	India	-N/A-	-N/A-	A/Vadu/NIV1043725/2010	
HA	KP317208	No	4	1701	H1N1	12/06/2009	IRD:Human	India	-N/A-	-N/A-	A/West Bengal/004/2009	
HA	HM204574	No	4	1708	H1N1	08/2009	IRD:Human	India	-N/A-	-N/A-	A/Ytml/NIV9438/2009	
